{"cameraMode":{"drawMode":0,"name":"Shaded","section":"Shading Mode"},"sceneLighting":true,"audioPlay":false,"sceneViewState":{"m_AlwaysRefresh":false,"showFog":true,"showSkybox":true,"showFlares":true,"showImageEffects":true,"showParticleSystems":true,"showVisualEffectGraphs":true,"m_FxEnabled":true},"in2DMode":false,"pivot":{"x":554.0916137695313,"y":244.08148193359376,"z":-349.05181884765627},"rotation":{"x":0.20115084946155549,"y":-0.052949950098991397,"z":0.01087970845401287,"w":0.9781907796859741},"size":354.2352600097656,"orthographic":false}